{
  "resolution": "30_minutes",
  "metrics_json": "C:\\Users\\13470\\Desktop\\C_school\\TransformerRuns\\MultiBuildingMSPatchTST\\20260120_173154_f3d531c1\\30_minutes\\Joint_Commercial-Office-Public-Residential\\metrics.json",
  "raw": {
    "Commercial": {
      "MAE": 98.47843933105469,
      "RMSE": 139.5823211669922,
      "MAPE": 0.13367010653018951,
      "sMAPE": 0.1316947489976883,
      "MASE": 1.6037078775998836,
      "R2": 0.7362059354782104,
      "NRMSE": 0.08370955504500752
    },
    "Office": {
      "MAE": 71.83179473876953,
      "RMSE": 119.58216094970703,
      "MAPE": 0.20961859822273254,
      "sMAPE": 0.19598300755023956,
      "MASE": 0.6720624321567665,
      "R2": 0.8319211006164551,
      "NRMSE": 0.0922018909999872
    },
    "Public": {
      "MAE": 48.921382904052734,
      "RMSE": 70.5527572631836,
      "MAPE": 0.2381039708852768,
      "sMAPE": 0.22734834253787994,
      "MASE": 1.3997880962344786,
      "R2": 0.7390503883361816,
      "NRMSE": 0.10935022102069103
    },
    "Residential": {
      "MAE": 48.012840270996094,
      "RMSE": 71.49916076660156,
      "MAPE": 0.16223327815532684,
      "sMAPE": 0.15330810844898224,
      "MASE": 1.8740907171797359,
      "R2": 0.43061691522598267,
      "NRMSE": 0.13071144564278164
    }
  },
  "metrics_used": [
    "MAE",
    "RMSE",
    "MAPE",
    "R2"
  ],
  "normalization": "min-max per metric across compared series; error-metrics inverted so larger-is-better"
}