{
  "model": "MultiBuildingMSPatchTST",
  "resolution": "1_hour",
  "buildings": [
    "Commercial",
    "Office",
    "Public",
    "Residential"
  ],
  "series_dir": "C:\\Users\\13470\\Desktop\\C_school\\AfterWash\\1_hour",
  "window": {
    "input_len": 168,
    "pred_len": 24
  },
  "patch_scales": [
    [
      12,
      6
    ],
    [
      24,
      12
    ]
  ],
  "model_cfg": {
    "d_model": 192,
    "n_heads": 8,
    "n_layers": 4,
    "d_ff": 384
  },
  "train_cfg": {
    "epochs": 30,
    "micro_batch": 32,
    "effective_batch": 32,
    "lr": 0.001,
    "weight_decay": 0.0001,
    "dropout": 0.1,
    "d_model": 256,
    "n_heads": 8,
    "n_layers": 6,
    "d_ff": 512,
    "huber_beta": 1.0,
    "total_loss_weight": 0.1,
    "residual_reg": 0.001,
    "fusion": "gated_residual",
    "gate_mode": "building",
    "gate_init": -2.0,
    "gate_max": 0.7,
    "gate_reg": 0.01,
    "grad_clip": 1.0,
    "patience": 6,
    "num_workers": 2,
    "save_every": 1,
    "grad_checkpoint": false,
    "auto_res_tune": true,
    "auto_quantiles": true
  },
  "best_val_loss_scaled": 17.557190652620996,
  "val_metrics": {
    "per_building": {
      "Commercial": {
        "MAE": 79.21175384521484,
        "RMSE": 107.45767211914062,
        "MAPE": 0.14501270651817322,
        "sMAPE": 0.14672580361366272,
        "MASE": 1.3103231376192652,
        "R2": 0.7001022100448608,
        "NRMSE": 0.09882801514483866
      },
      "Office": {
        "MAE": 101.28606414794922,
        "RMSE": 184.6988067626953,
        "MAPE": 0.24874870479106903,
        "sMAPE": 0.22021302580833435,
        "MASE": 0.9308636499218119,
        "R2": 0.7077311873435974,
        "NRMSE": 0.1568967162960141
      },
      "Public": {
        "MAE": 44.482322692871094,
        "RMSE": 65.3746337890625,
        "MAPE": 0.25052064657211304,
        "sMAPE": 0.23018963634967804,
        "MASE": 1.2625695287485106,
        "R2": 0.6157811880111694,
        "NRMSE": 0.12601123291474609
      },
      "Residential": {
        "MAE": 32.99098587036133,
        "RMSE": 45.48564529418945,
        "MAPE": 0.1351398080587387,
        "sMAPE": 0.14152248203754425,
        "MASE": 1.2898119431989268,
        "R2": 0.7378401756286621,
        "NRMSE": 0.07159372935429431
      }
    },
    "avg": {
      "MAE": 64.49278163909912,
      "RMSE": 100.75418949127197,
      "MAPE": 0.1948554664850235,
      "sMAPE": 0.18466273695230484,
      "MASE": 1.1983920648721287,
      "R2": 0.6903636902570724,
      "NRMSE": 0.11333242342747328
    },
    "total": {
      "MAE": 175.70860290527344,
      "RMSE": 247.5212860107422,
      "MAPE": 0.1246568113565445,
      "sMAPE": 0.12381034344434738,
      "R2": 0.7726026773452759,
      "NRMSE": 0.10655289651061287
    }
  },
  "test_metrics": {
    "per_building": {
      "Commercial": {
        "MAE": 103.2928237915039,
        "RMSE": 150.87794494628906,
        "MAPE": 0.14644597470760345,
        "sMAPE": 0.13866296410560608,
        "MASE": 1.7086728975666223,
        "R2": 0.684394359588623,
        "NRMSE": 0.09067020563928258
      },
      "Office": {
        "MAE": 85.15495300292969,
        "RMSE": 132.1553955078125,
        "MAPE": 0.26204466819763184,
        "sMAPE": 0.2335507720708847,
        "MASE": 0.782611616198658,
        "R2": 0.7941579818725586,
        "NRMSE": 0.10513555728545147
      },
      "Public": {
        "MAE": 48.755645751953125,
        "RMSE": 67.0837631225586,
        "MAPE": 0.261363685131073,
        "sMAPE": 0.2340577393770218,
        "MASE": 1.3838619243400752,
        "R2": 0.770211935043335,
        "NRMSE": 0.1039735924571446
      },
      "Residential": {
        "MAE": 46.552486419677734,
        "RMSE": 69.28160095214844,
        "MAPE": 0.15939974784851074,
        "sMAPE": 0.14804546535015106,
        "MASE": 1.8200108722318873,
        "R2": 0.47111964225769043,
        "NRMSE": 0.13086814838897862
      }
    },
    "avg": {
      "MAE": 70.93897724151611,
      "RMSE": 104.84967613220215,
      "MAPE": 0.20731351897120476,
      "sMAPE": 0.1885792352259159,
      "MASE": 1.4237893275843108,
      "R2": 0.6799709796905518,
      "NRMSE": 0.10766187594271431
    },
    "total": {
      "MAE": 198.67210388183594,
      "RMSE": 263.4573059082031,
      "MAPE": 0.12959037721157074,
      "sMAPE": 0.12157117575407028,
      "R2": 0.7714186906814575,
      "NRMSE": 0.09277319671384186
    }
  },
  "baseline_mode": "weekly",
  "fusion": "gated_residual",
  "gate_mode": "building",
  "gate_max": 0.7,
  "gate_reg": 0.01,
  "residual_reg": 0.001,
  "total_loss_weight": 0.1,
  "huber_beta": 1.0,
  "baseline_val_metrics": {
    "per_building": {
      "Commercial": {
        "MAE": 111.45233917236328,
        "RMSE": 153.05096435546875,
        "MAPE": 0.20167870819568634,
        "sMAPE": 0.19683660566806793,
        "MASE": 1.843647838485017,
        "R2": 0.3916260004043579,
        "NRMSE": 0.14075982407737453
      },
      "Office": {
        "MAE": 103.45787811279297,
        "RMSE": 209.26585388183594,
        "MAPE": 0.23334477841854095,
        "sMAPE": 0.1892213225364685,
        "MASE": 0.9508235791704455,
        "R2": 0.6248102188110352,
        "NRMSE": 0.17776576840112562
      },
      "Public": {
        "MAE": 54.889739990234375,
        "RMSE": 85.4296646118164,
        "MAPE": 0.29057207703590393,
        "sMAPE": 0.26237934827804565,
        "MASE": 1.5579697497159948,
        "R2": 0.3438887596130371,
        "NRMSE": 0.16466780372281478
      },
      "Residential": {
        "MAE": 39.657981872558594,
        "RMSE": 55.80607986450195,
        "MAPE": 0.15442481637001038,
        "sMAPE": 0.156887948513031,
        "MASE": 1.5504640832314838,
        "R2": 0.6053788065910339,
        "NRMSE": 0.087837939910543
      }
    },
    "avg": {
      "MAE": 77.3644847869873,
      "RMSE": 125.88814067840576,
      "MAPE": 0.2200050950050354,
      "sMAPE": 0.20133130624890327,
      "MASE": 1.4757263126507352,
      "R2": 0.49142594635486603,
      "NRMSE": 0.1427578340279645
    },
    "total": {
      "MAE": 266.4501953125,
      "RMSE": 386.8438720703125,
      "MAPE": 0.18507583439350128,
      "sMAPE": 0.17682527005672455,
      "R2": 0.4445670247077942,
      "NRMSE": 0.16652844581893408
    }
  },
  "baseline_test_metrics": {
    "per_building": {
      "Commercial": {
        "MAE": 129.20828247070312,
        "RMSE": 191.70082092285156,
        "MAPE": 0.1757652759552002,
        "sMAPE": 0.17045184969902039,
        "MASE": 2.137367169324905,
        "R2": 0.49050360918045044,
        "NRMSE": 0.11520274126534452
      },
      "Office": {
        "MAE": 70.4913558959961,
        "RMSE": 133.82403564453125,
        "MAPE": 0.18305425345897675,
        "sMAPE": 0.1674814075231552,
        "MASE": 0.6478466844307027,
        "R2": 0.7889271378517151,
        "NRMSE": 0.10646303551673131
      },
      "Public": {
        "MAE": 48.47207260131836,
        "RMSE": 73.05413818359375,
        "MAPE": 0.21872375905513763,
        "sMAPE": 0.20748980343341827,
        "MASE": 1.3758130906126933,
        "R2": 0.7274900674819946,
        "NRMSE": 0.1132271184151066
      },
      "Residential": {
        "MAE": 54.95962142944336,
        "RMSE": 82.48458099365234,
        "MAPE": 0.18015389144420624,
        "sMAPE": 0.16966180503368378,
        "MASE": 2.148695294888783,
        "R2": 0.2503352165222168,
        "NRMSE": 0.1558076637509526
      }
    },
    "avg": {
      "MAE": 75.78283309936523,
      "RMSE": 120.26589393615723,
      "MAPE": 0.1894242949783802,
      "sMAPE": 0.1787712164223194,
      "MASE": 1.577430559814271,
      "R2": 0.5643140077590942,
      "NRMSE": 0.12267513973703376
    },
    "total": {
      "MAE": 258.0083312988281,
      "RMSE": 355.2920227050781,
      "MAPE": 0.15725548565387726,
      "sMAPE": 0.15298296511173248,
      "R2": 0.5842893123626709,
      "NRMSE": 0.12511164417950071
    }
  },
  "micro_batch": 32,
  "effective_batch": 32,