{
  "epoch": [
    1,
    2,
    3,
    4,
    5,
    6,
    7,
    8,
    9,
    10,
    11,
    12,
    13
  ],
  "train_loss": [
    17.47671331127415,
    14.797282249102064,
    14.2274548039495,
    13.900318653596097,
    13.712717659653595,
    13.514097559012093,
    13.319029977325815,
    13.167231583218165,
    13.084853644949272,
    12.912225828857958,
    12.83706090487998,
    12.698844400147772,
    12.601284345549733
  ],
  "val_loss": [
    19.17280065407187,
    19.079649407984846,
    19.50118476253445,
    18.23132098731348,
    18.192885479684602,
    18.700617079007422,
    17.724837901228565,
    18.102264501280704,
    18.435274487834867,
    19.335006285521942,
    18.651303267074844,
    17.871396800219003,
    18.584823163889222
  ],
  "micro_it_s": [
    41.029639464197956,
    42.12563277791357,
    52.02686503690535,
    47.961389392947204,
    40.45977539030597,
    39.50094574827723,
    46.410084894617,
    40.9585729846915,
    40.70205924988701,
    37.52122378456957,
    35.76759285582431,
    29.531268082273108,
    35.4694196062259
  ],
  "samples_s": [
    1312.9484628543346,
    1348.0202488932343,
    1664.8596811809712,
    1534.7644605743105,
    1294.712812489791,
    1264.0302639448714,
    1485.122716627744,
    1310.674335510128,
    1302.4658959963842,
    1200.6791611062263,
    1144.562971386378,
    945.0005786327395,
    1135.0214273992287
  ],
  "updates_s": [
    41.029639464197956,
    42.12563277791357,
    52.02686503690535,
    47.961389392947204,
    40.45977539030597,
    39.50094574827723,
    46.410084894617,
    40.9585729846915,
    40.70205924988701,
    37.52122378456957,
    35.76759285582431,
    29.531268082273108,
    35.4694196062259
  ],
  "lr": [
    0.0009972609476841367,
    0.0009890738003669028,
    0.0009755282581475768,
    0.0009567727288213003,
    0.0009330127018922195,
    0.0009045084971874739,
    0.0008715724127386972,
    0.0008345653031794292,
    0.0007938926261462366,
    0.00075,
    0.0007033683215379003,
    0.0006545084971874739,
    0.0006039558454088797
  ]
}