{
  "epoch": [
    1,
    2,
    3,
    4,
    5,
    6,
    7,
    8,
    9,
    10,
    11,
    12,
    13,
    14,
    15,
    16
  ],
  "train_loss": [
    16.27877151274723,
    14.282698695814672,
    13.674736472131498,
    13.172060345513959,
    12.837297203251683,
    12.5086737491963,
    11.989033993182995,
    11.333403406327553,
    10.26744751938617,
    9.605555238958402,
    8.984808272762333,
    8.489083298899377,
    8.077194590141149,
    7.746704128798366,
    7.443674222865717,
    7.183478104837749
  ],
  "val_loss": [
    19.561668379832124,
    19.183553942179277,
    18.800455950074277,
    19.789413658239074,
    21.11415509248184,
    18.37534656160969,
    18.76886262327938,
    16.42463468899161,
    16.832046528994027,
    16.392363544237817,
    17.380361500432937,
    16.747182082321686,
    16.909842052702178,
    16.94593332581601,
    17.215215123305885,
    17.119007615719813
  ],
  "micro_it_s": [
    26.42594295336315,
    32.248483362186896,
    34.26982157201013,
    34.92144491081391,
    28.412634065269465,
    39.168058757365166,
    46.306019617298595,
    45.378822153847956,
    46.39471886598363,
    48.58164790495828,
    47.52811422612545,
    46.620593986582314,
    47.428865088195934,
    48.277109627718744,
    50.7677029535022,
    56.182531817060024
  ],
  "samples_s": [
    845.6301745076208,
    1031.9514675899807,
    1096.6342903043242,
    1117.4862371460451,
    909.2042900886229,
    1253.3778802356853,
    1481.792627753555,
    1452.1223089231346,
    1484.631003711476,
    1554.612732958665,
    1520.8996552360145,
    1491.859007570634,
    1517.72368282227,
    1544.8675080869998,
    1624.5664945120704,
    1797.8410181459208
  ],
  "updates_s": [
    26.42594295336315,
    32.248483362186896,
    34.26982157201013,
    34.92144491081391,
    28.412634065269465,
    39.168058757365166,
    46.306019617298595,
    45.378822153847956,
    46.39471886598363,
    48.58164790495828,
    47.52811422612545,
    46.620593986582314,
    47.428865088195934,
    48.277109627718744,
    50.7677029535022,
    56.182531817060024
  ],
  "lr": [
    0.0009972609476841367,
    0.0009890738003669028,
    0.0009755282581475768,
    0.0009567727288213003,
    0.0009330127018922195,
    0.0009045084971874739,
    0.0008715724127386972,
    0.0008345653031794292,
    0.0007938926261462366,
    0.00075,
    0.0007033683215379003,
    0.0006545084971874739,
    0.0006039558454088797,
    0.0005522642316338269,
    0.0005000000000000002,
    0.0004477357683661734
  ]
}