{
  "buildings": [
    "Commercial",
    "Office",
    "Public",
    "Residential"
  ],
  "pearson": [
    [
      1.0,
      -0.000558020023163408,
      0.2594846189022064,
      0.7051236629486084
    ],
    [
      -0.000558020023163408,
      1.0,
      0.6176078915596008,
      -0.17512275278568268
    ],
    [
      0.2594846189022064,
      0.6176078915596008,
      1.0,
      0.21924079954624176
    ],
    [
      0.7051236629486084,
      -0.17512275278568268,
      0.21924079954624176,
      1.0
    ]
  ],
  "spearman": [
    [
      1.0,
      0.17563262581825256,
      0.39515694975852966,
      0.7221947312355042
    ],
    [
      0.17563262581825256,
      1.0,
      0.7169357538223267,
      -0.07263495028018951
    ],
    [
      0.39515694975852966,
      0.7169357538223267,
      1.0,
      0.21451446413993835
    ],
    [
      0.7221947312355042,
      -0.07263495028018951,
      0.21451446413993835,
      1.0
    ]
  ],
  "timestamp": "2026-01-19 21:31:05"
}