{
  "resA": "1_hour",
  "metrics_json_A": "C:\\Users\\13470\\Desktop\\C_school\\TransformerRuns\\MultiBuildingMSPatchTST\\20260120_173154_f3d531c1\\1_hour\\Joint_Commercial-Office-Public-Residential\\metrics.json",
  "raw_A": {
    "Commercial": {
      "MAE": 104.2826156616211,
      "RMSE": 153.57615661621094,
      "MAPE": 0.14393512904644012,
      "sMAPE": 0.14053407311439514,
      "MASE": 1.7250460634906633,
      "R2": 0.673005223274231,
      "NRMSE": 0.09229169781335228
    },
    "Office": {
      "MAE": 81.21710968017578,
      "RMSE": 127.58761596679688,
      "MAPE": 0.25024256110191345,
      "sMAPE": 0.24259990453720093,
      "MASE": 0.7464210974034506,
      "R2": 0.8081414103507996,
      "NRMSE": 0.101501683346696
    },
    "Public": {
      "MAE": 47.13310241699219,
      "RMSE": 63.780433654785156,
      "MAPE": 0.25048714876174927,
      "sMAPE": 0.24175694584846497,
      "MASE": 1.3378082641492601,
      "R2": 0.7922850847244263,
      "NRMSE": 0.09885373907017123
    },
    "Residential": {
      "MAE": 43.50432586669922,
      "RMSE": 66.2687759399414,
      "MAPE": 0.14764069020748138,
      "sMAPE": 0.13928352296352386,
      "MASE": 1.7008403236017662,
      "R2": 0.5161179900169373,
      "NRMSE": 0.12517713049463378
    }
  },
  "resB": "5_minutes",
  "metrics_json_B": "C:\\Users\\13470\\Desktop\\C_school\\TransformerRuns\\MultiBuildingMSPatchTST\\20260120_173154_f3d531c1\\5_minutes\\Joint_Commercial-Office-Public-Residential\\metrics.json",
  "raw_B": {
    "Commercial": {
      "MAE": 109.004638671875,
      "RMSE": 153.45481872558594,
      "MAPE": 0.22338315844535828,
      "sMAPE": 0.15126575529575348,
      "MASE": 1.736910945277563,
      "R2": 0.6825646758079529,
      "NRMSE": 0.07984744942372535
    },
    "Office": {
      "MAE": 92.17082214355469,
      "RMSE": 134.79595947265625,
      "MAPE": 0.30384740233421326,
      "sMAPE": 0.27915775775909424,
      "MASE": 0.8610522315488716,
      "R2": 0.783117413520813,
      "NRMSE": 0.10149074178918793
    },
    "Public": {
      "MAE": 53.8078727722168,
      "RMSE": 71.40592193603516,
      "MAPE": 0.2904834449291229,
      "sMAPE": 0.2683483064174652,
      "MASE": 1.530170104829599,
      "R2": 0.7353495359420776,
      "NRMSE": 0.10507051868927805
    },
    "Residential": {
      "MAE": 51.630008697509766,
      "RMSE": 73.68950653076172,
      "MAPE": 0.1772090047597885,
      "sMAPE": 0.16866463422775269,
      "MASE": 2.021139047886424,
      "R2": 0.39587467908859253,
      "NRMSE": 0.1265273067337159
    }
  },
  "metrics_used": [
    "MAE",
    "RMSE",
    "MAPE",
    "R2"
  ],
  "normalization": "min-max per metric across compared series; error-metrics inverted so larger-is-better"
}