{
  "epoch": [
    1,
    2,
    3,
    4,
    5,
    6,
    7
  ],
  "train_loss": [
    15.495562648745276,
    14.450933476242584,
    14.060878948528817,
    13.868720652906342,
    13.522012793068585,
    13.215072630440044,
    13.058015828249884
  ],
  "val_loss": [
    21.359079214998268,
    22.098679365759548,
    23.281905720857058,
    25.060080523518,
    23.903945985842835,
    24.2847267084501,
    24.84880287505009
  ],
  "micro_it_s": [
    27.959324968662816,
    27.70299295064198,
    31.25733038723045,
    31.81966051149893,
    31.88743657194886,
    31.78560358127077,
    32.78250954136212
  ],
  "samples_s": [
    894.6983989972101,
    886.4957744205434,
    1000.2345723913744,
    1018.2291363679658,
    1020.3979703023635,
    1017.1393146006646,
    1049.0403053235877
  ],
  "updates_s": [
    27.959324968662816,
    27.70299295064198,
    31.25733038723045,
    31.81966051149893,
    31.88743657194886,
    31.78560358127077,
    32.78250954136212
  ],
  "lr": [
    0.0009972609476841367,
    0.0009890738003669028,
    0.0009755282581475768,
    0.0009567727288213003,
    0.0009330127018922195,
    0.0009045084971874739,
    0.0008715724127386972
  ]
}