{
  "buildings": [
    "Commercial",
    "Office",
    "Public",
    "Residential"
  ],
  "pearson": [
    [
      1.0,
      -0.0016344105824828148,
      0.25524094700813293,
      0.6959962248802185
    ],
    [
      -0.0016344105824828148,
      1.0,
      0.6173406839370728,
      -0.17490576207637787
    ],
    [
      0.25524094700813293,
      0.6173406839370728,
      1.0,
      0.21803343296051025
    ],
    [
      0.6959962248802185,
      -0.17490576207637787,
      0.21803343296051025,
      1.0
    ]
  ],
  "spearman": [
    [
      1.0,
      0.17138329148292542,
      0.3923806846141815,
      0.7162505388259888
    ],
    [
      0.17138329148292542,
      1.0,
      0.715317964553833,
      -0.0755305290222168
    ],
    [
      0.3923806846141815,
      0.715317964553833,
      1.0,
      0.20967726409435272
    ],
    [
      0.7162505388259888,
      -0.0755305290222168,
      0.20967726409435272,
      1.0
    ]
  ],
  "timestamp": "2026-01-19 10:52:42"
}