{
  "buildings": [
    "Commercial",
    "Office",
    "Public",
    "Residential"
  ],
  "pearson": [
    [
      1.0,
      -0.007133906241506338,
      0.25587141513824463,
      0.6929786801338196
    ],
    [
      -0.007133906241506338,
      1.0,
      0.6212535500526428,
      -0.1733454316854477
    ],
    [
      0.25587141513824463,
      0.6212535500526428,
      1.0,
      0.21305914223194122
    ],
    [
      0.6929786801338196,
      -0.1733454316854477,
      0.21305914223194122,
      1.0
    ]
  ],
  "spearman": [
    [
      1.0,
      0.1572979986667633,
      0.3892083466053009,
      0.7167486548423767
    ],
    [
      0.1572979986667633,
      1.0,
      0.7133650183677673,
      -0.08454661071300507
    ],
    [
      0.3892083466053009,
      0.7133650183677673,
      1.0,
      0.20699572563171387
    ],
    [
      0.7167486548423767,
      -0.08454661071300507,
      0.20699572563171387,
      1.0
    ]
  ],
  "timestamp": "2026-01-19 13:53:26"
}